id,good,brand
0,клей,
1,торт,
2,стройматериалы,
3,еда,
4,коньяк,
5,канцелярия,
6,рис,
7,стройматериалы,
8,другое,
9,другое,
10,другое,
11,пюре,
12,раствор,
13,косметика,
14,еда,
15,другое,
16,еда,
17,другое,
18,чипсы,
19,одежда,
20,другое,
21,еда,
22,майонез,
23,другое,
24,другое,
25,еда,
26,другое,
27,товара нет,
28,другое,
29,нож,
30,другое,
31,другое,
32,джинсы,
33,другое,
34,другое,
35,еда,
36,одежда,
37,серьги,
38,еда,
39,сапоги,
40,другое,
41,фильтр,
42,другое,
43,еда,
44,одежда,
45,одежда,
46,другое,
47,другое,
48,товара нет,
49,другое,
50,другое,
51,другое,
52,еда,
53,лимонад,
54,стройматериалы,
55,другое,
56,одежда,
57,еда,
58,еда,
59,порошок,
60,другое,
61,другое,
62,другое,
63,другое,
64,другое,
65,косметика,
66,здоровье,
67,другое,
68,туфли,
69,еда,
70,еда,
71,одежда,
72,арахис,
73,другое,
74,арахис,
75,товара нет,
76,лимонад,
77,мармелад,
78,одежда,
79,другое,
80,еда,
81,карамель,
82,косметика,
83,еда,
84,соус,
85,канцелярия,
86,другое,
87,другое,
88,одежда,
89,еда,
90,сумка,
91,другое,
92,здоровье,
93,другое,
94,еда,
95,другое,
96,мармелад,
97,еда,
98,вино,
99,другое,
100,майонез,
101,другое,
102,другое,
103,еда,
104,товара нет,
105,стройматериалы,
106,еда,
107,другое,
108,другое,
109,косметика,
110,перчатки,
111,другое,
112,канцелярия,
113,одежда,
114,еда,
115,другое,
116,одежда,
117,стройматериалы,
118,товара нет,
119,одежда,
120,товара нет,
121,одежда,
122,еда,
123,другое,
124,другое,
125,другое,
126,палочки,
127,другое,
128,другое,
129,другое,
130,соус,
131,другое,
132,арахис,
133,другое,
134,другое,
135,арахис,
136,еда,
137,водка,
138,перчатки,
139,еда,
140,арахис,
141,товара нет,
142,ботинки,
143,еда,
144,еда,
145,одежда,
146,стройматериалы,
147,здоровье,
148,спрей,
149,еда,
150,еда,
151,еда,
152,фильтр,
153,одежда,
154,пластырь,
155,другое,
156,электроника,
157,пакет,
158,творог,
159,одежда,
160,косметика,
161,еда,
162,еда,
163,стройматериалы,
164,палочки,
165,другое,
166,товара нет,
167,товара нет,
168,карамель,
169,лента,
170,еда,
171,одежда,
172,другое,
173,одежда,
174,одежда,
175,одежда,
176,другое,
177,одежда,
178,палочки,
179,бальзам,
180,другое,
181,эскимо,
182,другое,
183,фильтр,
184,лимонад,
185,одежда,
186,раствор,
187,соус,
188,другое,
189,другое,
190,одежда,
191,другое,
192,другое,
193,одежда,
194,другое,
195,здоровье,
196,еда,
197,другое,
198,другое,
199,одежда,
200,еда,
201,канцелярия,
202,лапша,
203,канцелярия,
204,товара нет,
205,толстовка,
206,стройматериалы,
207,товара нет,
208,косметика,
209,другое,
210,другое,
211,одежда,
212,пакет,
213,другое,
214,одежда,
215,дом,
216,здоровье,
217,другое,
218,еда,
219,дом,
220,обувь,
221,еда,
222,фильтр,
223,еда,
224,другое,
225,вафли,
226,водка,
227,другое,
228,порошок,
229,другое,
230,канцелярия,
231,стройматериалы,
232,товара нет,
233,кружка,
234,еда,
235,другое,
236,стройматериалы,
237,одежда,
238,здоровье,
239,канцелярия,
240,другое,
241,другое,
242,одежда,
243,одежда,
244,другое,
245,другое,
246,сметана,
247,еда,
248,электроника,
249,пакет,
250,одежда,
251,одежда,
252,зубная паста,
253,еда,
254,еда,
255,канцелярия,
256,одежда,
257,одежда,
258,раствор,
259,товара нет,
260,одежда,
261,другое,
262,раствор,
263,другое,
264,лимонад,
265,другое,
266,другое,
267,косметика,
268,еда,
269,еда,
270,товара нет,
271,еда,
272,сухарики,
273,здоровье,
274,соус,
275,еда,
276,капли,
277,косметика,
278,одежда,
279,другое,
280,товара нет,
281,здоровье,
282,еда,
283,порошок,
284,товара нет,
285,товара нет,
286,косметика,
287,другое,
288,пластырь,
289,одежда,
290,еда,
291,электроника,
292,другое,
293,другое,
294,другое,
295,еда,
296,еда,
297,другое,
298,лапша,
299,другое,
300,другое,
301,еда,
302,пакеты,
303,другое,
304,другое,
305,другое,
306,другое,
307,одежда,
308,другое,
309,другое,
310,стройматериалы,
311,другое,
312,одежда,
313,лента,
314,палочки,
315,еда,
316,другое,
317,другое,
318,еда,
319,еда,
320,обувь,
321,лимонад,
322,одежда,
323,одежда,
324,другое,
325,семечки,
326,одежда,
327,одежда,
328,другое,
329,другое,
330,другое,
331,другое,
332,другое,
333,водка,
334,водка,
335,вино,
336,одежда,
337,другое,
338,товара нет,
339,другое,
340,другое,
341,другое,
342,капли,
343,другое,
344,другое,
345,другое,
346,электроника,
347,карамель,
348,одежда,
349,пластырь,
350,папка,
351,одежда,
352,другое,
353,другое,
354,одежда,
355,другое,
356,одежда,
357,карамель,
358,другое,
359,канцелярия,
360,канцелярия,
361,раствор,
362,дом,
363,косметика,
364,косметика,
365,еда,
366,еда,
367,лимонад,
368,другое,
369,канцелярия,
370,другое,
371,товара нет,
372,товара нет,
373,яйцо,
374,еда,
375,еда,
376,карамель,
377,другое,
378,еда,
379,другое,
380,еда,
381,товара нет,
382,одежда,
383,творог,
384,толстовка,
385,папка,
386,стройматериалы,
387,еда,
388,другое,
389,соус,
390,товара нет,
391,товара нет,
392,другое,
393,косметика,
394,другое,
395,одежда,
396,еда,
397,канцелярия,
398,другое,
399,одежда,
400,еда,
401,стройматериалы,
402,еда,
403,сухарики,
404,пакеты,
405,другое,
406,одежда,
407,товара нет,
408,обувь,
409,другое,
410,еда,
411,другое,
412,капли,
413,другое,
414,другое,
415,другое,
416,другое,
417,одежда,
418,другое,
419,другое,
420,бальзам,
421,еда,
422,одежда,
423,электроника,
424,еда,
425,одежда,
426,косметика,
427,одежда,
428,товара нет,
429,здоровье,
430,дом,
431,палочки,
432,одежда,
433,еда,
434,еда,
435,товара нет,
436,другое,
437,лимонад,
438,раствор,
439,стройматериалы,
440,здоровье,
441,другое,
442,вино,
443,еда,
444,косметика,
445,другое,
446,другое,
447,другое,
448,стройматериалы,
449,другое,
450,костюм,
451,одежда,
452,еда,
453,косметика,
454,еда,
455,стройматериалы,
456,еда,
457,одежда,
458,фильтр,
459,другое,
460,товара нет,
461,творог,
462,другое,
463,другое,
464,рис,
465,капсулы,
466,одежда,
467,одежда,
468,шапка,
469,ботинки,
470,еда,
471,другое,
472,лимонад,
473,другое,
474,одежда,
475,еда,
476,джинсы,
477,одежда,
478,одежда,
479,канцелярия,
480,другое,
481,другое,
482,свеча,
483,одежда,
484,семечки,
485,стройматериалы,
486,нож,
487,другое,
488,канцелярия,
489,другое,
490,каша,
491,стройматериалы,
492,водка,
493,еда,
494,другое,
495,стройматериалы,
496,другое,
497,другое,
498,стройматериалы,
499,другое,
500,другое,
501,пакет,
502,еда,
503,косметика,
504,косметика,
505,дом,
506,другое,
507,еда,
508,гайка,
509,еда,
510,еда,
511,косметика,
512,еда,
513,одежда,
514,еда,
515,творог,
516,другое,
517,другое,
518,другое,
519,фильтр,
520,другое,
521,маска,
522,суп,
523,другое,
524,одежда,
525,еда,
526,другое,
527,дом,
528,вафли,
529,косметика,
530,еда,
531,стройматериалы,
532,другое,
533,канцелярия,
534,еда,
535,табак,
536,одежда,
537,косметика,
538,лента,
539,обувь,
540,ботинки,
541,косметика,
542,канцелярия,
543,еда,
544,другое,
545,другое,
546,другое,
547,одежда,
548,другое,
549,другое,
550,толстовка,
551,другое,
552,еда,
553,другое,
554,другое,
555,канцелярия,
556,другое,
557,другое,
558,канцелярия,
559,товара нет,
560,каша,
561,другое,
562,ботинки,
563,косметика,
564,другое,
565,игрушка,
566,электроника,
567,еда,
568,другое,
569,другое,
570,эскимо,
571,другое,
572,еда,
573,другое,
574,водка,
575,еда,
576,косметика,
577,стройматериалы,
578,еда,
579,еда,
580,спрей,
581,ботинки,
582,другое,
583,другое,
584,товара нет,
585,коньяк,
586,другое,
587,еда,
588,еда,
589,другое,
590,здоровье,
591,другое,
592,папка,
593,пластырь,
594,еда,
595,еда,
596,еда,
597,ботинки,
598,еда,
599,еда,
600,одежда,
601,другое,
602,другое,
603,еда,
604,товара нет,
605,другое,
606,пакет,
607,другое,
608,еда,
609,другое,
610,еда,
611,косметика,
612,еда,
613,ботинки,
614,косметика,
615,электроника,
616,здоровье,
617,одежда,
618,еда,
619,еда,
620,канцелярия,
621,другое,
622,другое,
623,косметика,
624,каша,
625,одежда,
626,другое,
627,другое,
628,одежда,
629,другое,
630,одежда,
631,еда,
632,другое,
633,косметика,
634,другое,
635,табак,
636,другое,
637,одежда,
638,еда,
639,ботинки,
640,вино,
641,сосиски,
642,другое,
643,стройматериалы,
644,шапка,
645,сверло,
646,еда,
647,еда,
648,еда,
649,другое,
650,другое,
651,еда,
652,косметика,
653,канцелярия,
654,еда,
655,еда,
656,косметика,
657,одежда,
658,сверло,
659,товара нет,
660,зубная паста,
661,дом,
662,другое,
663,другое,
664,одежда,
665,одежда,
666,здоровье,
667,одежда,
668,другое,
669,стройматериалы,
670,другое,
671,другое,
672,стройматериалы,
673,товара нет,
674,еда,
675,ботинки,
676,вино,
677,другое,
678,другое,
679,соус,
680,ботинки,
681,одежда,
682,чипсы,
683,стройматериалы,
684,другое,
685,другое,
686,другое,
687,другое,
688,стройматериалы,
689,табак,
690,эскимо,
691,другое,
692,еда,
693,одежда,
694,пюре,
695,еда,
696,другое,
697,здоровье,
698,одежда,
699,паста,
700,здоровье,
701,стройматериалы,
702,другое,
703,здоровье,
704,наполнитель,
705,канцелярия,
706,другое,
707,еда,
708,одежда,
709,товара нет,
710,другое,
711,товара нет,
712,спрей,
713,еда,
714,еда,
715,спрей,
716,еда,
717,другое,
718,другое,
719,сухарики,
720,канцелярия,
721,майонез,
722,еда,
723,стройматериалы,
724,фильтр,
725,пюре,
726,другое,
727,еда,
728,канцелярия,
729,свеча,
730,стройматериалы,
731,другое,
732,еда,
733,другое,
734,товара нет,
735,стройматериалы,
736,еда,
737,товара нет,
738,стройматериалы,
739,другое,
740,еда,
741,еда,
742,одежда,
743,товара нет,
744,одежда,
745,еда,
746,товара нет,
747,другое,
748,здоровье,
749,щетка,
750,еда,
751,тарелка,
752,другое,
753,еда,
754,фильтр,
755,еда,
756,другое,
757,другое,
758,карамель,
759,одежда,
760,одежда,
761,другое,
762,кеды,
763,стройматериалы,
764,ботинки,
765,еда,
766,щетка,
767,другое,
768,сельдь,
769,еда,
770,одежда,
771,стройматериалы,
772,другое,
773,дом,
774,клей,
775,одежда,
776,косметика,
777,канцелярия,
778,папка,
779,другое,
780,другое,
781,суп,
782,раствор,
783,еда,
784,косметика,
785,электроника,
786,клей,
787,другое,
788,одежда,
789,еда,
790,раствор,
791,приправа,
792,одежда,
793,другое,
794,раствор,
795,мармелад,
796,водка,
797,одежда,
798,одежда,
799,лимонад,
800,канцелярия,
801,еда,
802,другое,
803,косметика,
804,другое,
805,пакет,
806,паста,
807,другое,
808,здоровье,
809,еда,
810,здоровье,
811,еда,
812,канцелярия,
813,канцелярия,
814,пакет,
815,одежда,
816,игрушка,
817,другое,
818,товара нет,
819,соус,
820,другое,
821,бюстгальтер,
822,другое,
823,яйцо,
824,другое,
825,еда,
826,одежда,
827,еда,
828,другое,
829,другое,
830,другое,
831,еда,
832,товара нет,
833,кетчуп,
834,другое,
835,канцелярия,
836,другое,
837,арахис,
838,дом,
839,фильтр,
840,одежда,
841,стройматериалы,
842,стройматериалы,
843,другое,
844,другое,
845,другое,
846,наполнитель,
847,одежда,
848,раствор,
849,еда,
850,еда,
851,одежда,
852,канцелярия,
853,еда,
854,стройматериалы,
855,одежда,
856,фильтр,
857,другое,
858,маска,
859,товара нет,
860,другое,
861,еда,
862,еда,
863,раствор,
864,тарелка,
865,еда,
866,табак,
867,майонез,
868,другое,
869,лимонад,
870,другое,
871,еда,
872,другое,
873,другое,
874,фильтр,
875,еда,
876,другое,
877,одежда,
878,другое,
879,одежда,
880,другое,
881,другое,
882,табак,
883,одежда,
884,другое,
885,стройматериалы,
886,товара нет,
887,косметика,
888,еда,
889,одежда,
890,еда,
891,еда,
892,косметика,
893,еда,
894,еда,
895,стройматериалы,
896,другое,
897,товара нет,
898,еда,
899,стройматериалы,
900,одежда,
901,товара нет,
902,другое,
903,другое,
904,другое,
905,другое,
906,другое,
907,еда,
908,другое,
909,еда,
910,другое,
911,вино,
912,стройматериалы,
913,сумка,
914,клей,
915,другое,
916,другое,
917,другое,
918,другое,
919,другое,
920,еда,
921,другое,
922,другое,
923,одежда,
924,ботинки,
925,туфли,
926,еда,
927,товара нет,
928,ботинки,
929,здоровье,
930,еда,
931,канцелярия,
932,другое,
933,ботинки,
934,полуботинки,
935,фильтр,
936,товара нет,
937,канцелярия,
938,канцелярия,
939,одежда,
940,соус,
941,другое,
942,еда,
943,еда,
944,другое,
945,одежда,
946,одежда,
947,зубная паста,
948,косметика,
949,еда,
950,очки,
951,товара нет,
952,семечки,
953,еда,
954,еда,
955,еда,
956,товара нет,
957,другое,
958,товара нет,
959,соус,
960,раствор,
961,паста,
962,еда,
963,стройматериалы,
964,еда,
965,фильтр,
966,стройматериалы,
967,другое,
968,другое,
969,другое,
970,еда,
971,электроника,
972,другое,
973,вино,
974,одежда,
975,стройматериалы,
976,другое,
977,еда,
978,другое,
979,другое,
980,еда,
981,одежда,
982,канцелярия,
983,товара нет,
984,другое,
985,еда,
986,еда,
987,семечки,
988,еда,
989,другое,
990,еда,
991,электроника,
992,другое,
993,здоровье,
994,другое,
995,еда,
996,еда,
997,еда,
998,одежда,
999,одежда,
1000,другое,
1001,водка,
1002,раствор,
1003,другое,
1004,колготки,
1005,товара нет,
1006,одежда,
1007,другое,
1008,раствор,
1009,другое,
1010,еда,
1011,канцелярия,
1012,другое,
1013,порошок,
1014,другое,
1015,стройматериалы,
1016,фильтр,
1017,другое,
1018,одежда,
1019,другое,
1020,еда,
1021,канцелярия,
1022,другое,
1023,каша,
1024,одежда,
1025,другое,
1026,канцелярия,
1027,другое,
1028,другое,
1029,яйцо,
1030,другое,
1031,другое,
1032,джинсы,
1033,здоровье,
1034,еда,
1035,другое,
1036,еда,
1037,канцелярия,
1038,товара нет,
1039,еда,
1040,карамель,
1041,другое,
1042,другое,
1043,стройматериалы,
1044,канцелярия,
1045,одежда,
1046,еда,
1047,другое,
1048,ботинки,
1049,другое,
1050,одежда,
1051,другое,
1052,майонез,
1053,другое,
1054,еда,
1055,ботинки,
1056,пакет,
1057,здоровье,
1058,шапка,
1059,туфли,
1060,кружка,
1061,одежда,
1062,другое,
1063,пластырь,
1064,еда,
1065,другое,
1066,еда,
1067,другое,
1068,здоровье,
1069,еда,
1070,другое,
1071,другое,
1072,сумка,
1073,товара нет,
1074,другое,
1075,еда,
1076,пюре,
1077,другое,
1078,раствор,
1079,раствор,
1080,еда,
1081,другое,
1082,раствор,
1083,канцелярия,
1084,сливки,
1085,стройматериалы,
1086,другое,
1087,еда,
1088,одежда,
1089,другое,
1090,сметана,
1091,другое,
1092,другое,
1093,канцелярия,
1094,лимонад,
1095,другое,
1096,лапша,
1097,еда,
1098,еда,
1099,ботинки,
1100,одежда,
1101,другое,
1102,еда,
1103,одежда,
1104,другое,
1105,другое,
1106,другое,
1107,электроника,
1108,одежда,
1109,здоровье,
1110,соус,
1111,еда,
1112,другое,
1113,одежда,
1114,другое,
1115,пирожное,
1116,спрей,
1117,товара нет,
1118,еда,
1119,другое,
1120,одежда,
1121,другое,
1122,другое,
1123,другое,
1124,другое,
1125,стройматериалы,
1126,каша,
1127,пирожное,
1128,электроника,
1129,клей,
1130,другое,
1131,косметика,
1132,одежда,
1133,наполнитель,
1134,клей,
1135,другое,
1136,еда,
1137,сухарики,
1138,полотенце,
1139,соус,
1140,косметика,
1141,канцелярия,
1142,еда,
1143,другое,
1144,другое,
1145,одежда,
1146,другое,
1147,электроника,
1148,еда,
1149,канцелярия,
1150,другое,
1151,одежда,
1152,антифриз,
1153,другое,
1154,одежда,
1155,сухарики,
1156,арахис,
1157,другое,
1158,раствор,
1159,яйцо,
1160,еда,
1161,еда,
1162,водка,
1163,туфли,
1164,пакет,
1165,другое,
1166,еда,
1167,сосиски,
1168,еда,
1169,канцелярия,
1170,другое,
1171,другое,
1172,дом,
1173,здоровье,
1174,косметика,
1175,товара нет,
1176,рис,
1177,еда,
1178,канцелярия,
1179,другое,
1180,другое,
1181,другое,
1182,шапка,
1183,одежда,
1184,еда,
1185,сосиски,
1186,стройматериалы,
1187,туфли,
1188,сумка,
1189,сметана,
1190,одежда,
1191,соус,
1192,другое,
1193,еда,
1194,лимонад,
1195,пакеты,
1196,другое,
1197,канцелярия,
1198,другое,
1199,еда,
1200,еда,
1201,шапка,
1202,лента,
1203,спрей,
1204,сосиски,
1205,клей,
1206,другое,
1207,товара нет,
1208,еда,
1209,здоровье,
1210,другое,
1211,другое,
1212,товара нет,
1213,чипсы,
1214,майонез,
1215,косметика,
1216,другое,
1217,еда,
1218,другое,
1219,табак,
1220,лента,
1221,еда,
1222,другое,
1223,косметика,
1224,другое,
1225,товара нет,
1226,другое,
1227,другое,
1228,бюстгальтер,
1229,наполнитель,
1230,еда,
1231,товара нет,
1232,еда,
1233,одежда,
1234,еда,
1235,еда,
1236,здоровье,
1237,стройматериалы,
1238,другое,
1239,игрушка,
1240,еда,
1241,другое,
1242,еда,
1243,канцелярия,
1244,еда,
1245,другое,
1246,другое,
1247,бальзам,
1248,канцелярия,
1249,другое,
1250,паста,
1251,еда,
1252,лапша,
1253,товара нет,
1254,одежда,
1255,одежда,
1256,пакет,
1257,другое,
1258,другое,
1259,одежда,
1260,товара нет,
1261,другое,
1262,одежда,
1263,торт,
1264,полотенце,
1265,другое,
1266,перчатки,
1267,одежда,
1268,другое,
1269,еда,
1270,одежда,
1271,другое,
1272,одежда,
1273,соус,
1274,одежда,
1275,порошок,
1276,другое,
1277,одежда,
1278,другое,
1279,другое,
1280,канцелярия,
1281,клей,
1282,товара нет,
1283,другое,
1284,пюре,
1285,еда,
1286,еда,
1287,одежда,
1288,еда,
1289,другое,
1290,еда,
1291,еда,
1292,еда,
1293,толстовка,
1294,еда,
1295,другое,
1296,еда,
1297,электроника,
1298,филе,
1299,другое,
1300,еда,
1301,товара нет,
1302,здоровье,
1303,товара нет,
1304,другое,
1305,пюре,
1306,стройматериалы,
1307,товара нет,
1308,еда,
1309,еда,
1310,другое,
1311,еда,
1312,товара нет,
1313,еда,
1314,стройматериалы,
1315,ботинки,
1316,лента,
1317,другое,
1318,другое,
1319,товара нет,
1320,другое,
1321,пюре,
1322,сверло,
1323,еда,
1324,другое,
1325,канцелярия,
1326,еда,
1327,другое,
1328,другое,
1329,другое,
1330,электроника,
1331,канцелярия,
1332,электроника,
1333,другое,
1334,одежда,
1335,одежда,
1336,товара нет,
1337,антифриз,
1338,раствор,
1339,дом,
1340,стройматериалы,
1341,еда,
1342,стройматериалы,
1343,пюре,
1344,товара нет,
1345,еда,
1346,косметика,
1347,спрей,
1348,другое,
1349,лимонад,
1350,канцелярия,
1351,еда,
1352,еда,
1353,раствор,
1354,еда,
1355,другое,
1356,другое,
1357,одежда,
1358,другое,
1359,торт,
1360,еда,
1361,другое,
1362,мармелад,
1363,паста,
1364,спрей,
1365,товара нет,
1366,другое,
1367,еда,
1368,канцелярия,
1369,другое,
1370,другое,
1371,другое,
1372,товара нет,
1373,одежда,
1374,стройматериалы,
1375,еда,
1376,другое,
1377,еда,
1378,еда,
1379,еда,
1380,другое,
1381,товара нет,
1382,косметика,
1383,другое,
1384,канцелярия,
1385,другое,
1386,другое,
1387,дом,
1388,другое,
1389,канцелярия,
1390,еда,
1391,косметика,
1392,ботинки,
1393,еда,
1394,другое,
1395,канцелярия,
1396,товара нет,
1397,стройматериалы,
1398,одежда,
1399,еда,
1400,другое,
1401,другое,
1402,одежда,
1403,еда,
1404,приправа,
1405,одежда,
1406,лапша,
1407,другое,
1408,зубная паста,
1409,еда,
1410,стройматериалы,
1411,лента,
1412,обувь,
1413,еда,
1414,одежда,
1415,одежда,
1416,другое,
1417,другое,
1418,другое,
1419,еда,
1420,еда,
1421,одежда,
1422,еда,
1423,косметика,
1424,шапка,
1425,другое,
1426,другое,
1427,электроника,
1428,другое,
1429,другое,
1430,другое,
1431,другое,
1432,сапоги,
1433,еда,
1434,еда,
1435,другое,
1436,сухарики,
1437,билет,
1438,другое,
1439,одежда,
1440,вино,
1441,товара нет,
1442,другое,
1443,другое,
1444,одежда,
1445,электроника,
1446,вино,
1447,одежда,
1448,соус,
1449,семечки,
1450,еда,
1451,одежда,
1452,стройматериалы,
1453,другое,
1454,майонез,
1455,папка,
1456,другое,
1457,косметика,
1458,еда,
1459,другое,
1460,соус,
1461,еда,
1462,другое,
1463,товара нет,
1464,еда,
1465,майонез,
1466,еда,
1467,другое,
1468,еда,
1469,стройматериалы,
1470,другое,
1471,канцелярия,
1472,арахис,
1473,другое,
1474,щетка,
1475,торт,
1476,другое,
1477,ботинки,
1478,другое,
1479,другое,
1480,лимонад,
1481,еда,
1482,товара нет,
1483,другое,
1484,другое,
1485,одежда,
1486,одежда,
1487,другое,
1488,стройматериалы,
1489,другое,
1490,другое,
1491,электроника,
1492,стройматериалы,
1493,другое,
1494,еда,
1495,дом,
1496,косметика,
1497,товара нет,
1498,еда,
1499,другое,
1500,эскимо,
1501,здоровье,
1502,еда,
1503,суп,
1504,канцелярия,
1505,другое,
1506,еда,
1507,суп,
1508,другое,
1509,другое,
1510,косметика,
1511,другое,
1512,еда,
1513,одежда,
1514,еда,
1515,другое,
1516,другое,
1517,обувь,
1518,еда,
1519,другое,
1520,еда,
1521,еда,
1522,одежда,
1523,порошок,
1524,сверло,
1525,стройматериалы,
1526,другое,
1527,еда,
1528,еда,
1529,еда,
1530,канцелярия,
1531,одежда,
1532,раствор,
1533,другое,
1534,косметика,
1535,одежда,
1536,одежда,
1537,товара нет,
1538,канцелярия,
1539,другое,
1540,электроника,
1541,канцелярия,
1542,канцелярия,
1543,другое,
1544,косметика,
1545,другое,
1546,соус,
1547,еда,
1548,одежда,
1549,другое,
1550,другое,
1551,другое,
1552,электроника,
1553,канцелярия,
1554,товара нет,
1555,еда,
1556,еда,
1557,еда,
1558,раствор,
1559,творог,
1560,другое,
1561,еда,
1562,косметика,
1563,товара нет,
1564,одежда,
1565,другое,
1566,другое,
1567,еда,
1568,косметика,
1569,одежда,
1570,еда,
1571,другое,
1572,другое,
1573,электроника,
1574,еда,
1575,другое,
1576,еда,
1577,товара нет,
1578,стройматериалы,
1579,дом,
1580,канцелярия,
1581,еда,
1582,другое,
1583,другое,
1584,товара нет,
1585,костюм,
1586,другое,
1587,другое,
1588,одежда,
1589,ботинки,
1590,другое,
1591,другое,
1592,вино,
1593,ботинки,
1594,другое,
1595,товара нет,
1596,еда,
1597,спрей,
1598,косметика,
1599,сметана,
1600,еда,
1601,другое,
1602,товара нет,
1603,еда,
1604,стройматериалы,
1605,кружка,
1606,другое,
1607,пакет,
1608,лимонад,
1609,товара нет,
1610,лимонад,
1611,одежда,
1612,косметика,
1613,пижама,
1614,другое,
1615,другое,
1616,еда,
1617,здоровье,
1618,обувь,
1619,товара нет,
1620,наполнитель,
1621,другое,
1622,соус,
1623,другое,
1624,пирожное,
1625,костюм,
1626,товара нет,
1627,обувь,
1628,шапка,
1629,сверло,
1630,другое,
1631,еда,
1632,другое,
1633,фильтр,
1634,вино,
1635,косметика,
1636,еда,
1637,другое,
1638,одежда,
1639,другое,
1640,сельдь,
1641,еда,
1642,косметика,
1643,другое,
1644,еда,
1645,товара нет,
1646,лента,
1647,палочки,
1648,одежда,
1649,еда,
1650,товара нет,
1651,товара нет,
1652,другое,
1653,стройматериалы,
1654,одежда,
1655,другое,
1656,косметика,
1657,сумка,
1658,одежда,
1659,сумка,
1660,еда,
1661,фильтр,
1662,еда,
1663,одежда,
1664,пюре,
1665,еда,
1666,сосиски,
1667,капли,
1668,электроника,
1669,арахис,
1670,стройматериалы,
1671,здоровье,
1672,соус,
1673,другое,
1674,другое,
1675,яйцо,
1676,еда,
1677,здоровье,
1678,товара нет,
1679,электроника,
1680,еда,
1681,одежда,
1682,одежда,
1683,другое,
1684,еда,
1685,табак,
1686,другое,
1687,здоровье,
1688,другое,
1689,семечки,
1690,другое,
1691,канцелярия,
1692,другое,
1693,еда,
1694,еда,
1695,толстовка,
1696,косметика,
1697,еда,
1698,ботинки,
1699,одежда,
1700,дом,
1701,водка,
1702,еда,
1703,одежда,
1704,яйцо,
1705,ботинки,
1706,раствор,
1707,еда,
1708,товара нет,
1709,товара нет,
1710,табак,
1711,сапоги,
1712,товара нет,
1713,творог,
1714,соус,
1715,другое,
1716,пирожное,
1717,еда,
1718,другое,
1719,еда,
1720,мармелад,
1721,одежда,
1722,ботинки,
1723,еда,
1724,одежда,
1725,джинсы,
1726,перчатки,
1727,еда,
1728,косметика,
1729,одежда,
1730,еда,
1731,одежда,
1732,еда,
1733,еда,
1734,другое,
1735,другое,
1736,торт,
1737,одежда,
1738,картридж,
1739,одежда,
1740,еда,
1741,еда,
1742,другое,
1743,электроника,
1744,свеча,
1745,еда,
1746,фильтр,
1747,фильтр,
1748,другое,
1749,еда,
1750,другое,
1751,еда,
1752,еда,
1753,другое,
1754,пюре,
1755,еда,
1756,одежда,
1757,толстовка,
1758,другое,
1759,клей,
1760,другое,
1761,товара нет,
1762,другое,
1763,ботинки,
1764,другое,
1765,другое,
1766,другое,
1767,товара нет,
1768,канцелярия,
1769,другое,
1770,стройматериалы,
1771,еда,
1772,стройматериалы,
1773,ботинки,
1774,товара нет,
1775,товара нет,
1776,ботинки,
1777,еда,
1778,одежда,
1779,другое,
1780,другое,
1781,джинсы,
1782,одежда,
1783,другое,
1784,другое,
1785,сумка,
1786,товара нет,
1787,еда,
1788,другое,
1789,другое,
1790,еда,
1791,другое,
1792,здоровье,
1793,одежда,
1794,щетка,
1795,пирожное,
1796,другое,
1797,другое,
1798,еда,
1799,еда,
1800,товара нет,
1801,еда,
1802,еда,
1803,канцелярия,
1804,еда,
1805,еда,
1806,костюм,
1807,одежда,
1808,другое,
1809,фильтр,
1810,тарелка,
1811,другое,
1812,еда,
1813,еда,
1814,еда,
1815,другое,
1816,одежда,
1817,товара нет,
1818,стройматериалы,
1819,одежда,
1820,еда,
1821,одежда,
1822,капли,
1823,фильтр,
1824,бюстгальтер,
1825,другое,
1826,товара нет,
1827,другое,
1828,другое,
1829,другое,
1830,канцелярия,
1831,яйцо,
1832,лента,
1833,косметика,
1834,ботинки,
1835,другое,
1836,другое,
1837,одежда,
1838,другое,
1839,еда,
1840,товара нет,
1841,другое,
1842,товара нет,
1843,ботинки,
1844,одежда,
1845,одежда,
1846,еда,
1847,другое,
1848,другое,
1849,паста,
1850,игрушка,
1851,другое,
1852,одежда,
1853,еда,
1854,здоровье,
1855,еда,
1856,еда,
1857,товара нет,
1858,канцелярия,
1859,одежда,
1860,другое,
1861,торт,
1862,другое,
1863,одежда,
1864,одежда,
1865,раствор,
1866,другое,
1867,еда,
1868,другое,
1869,другое,
1870,еда,
1871,другое,
1872,одежда,
1873,другое,
1874,другое,
1875,другое,
1876,товара нет,
1877,одежда,
1878,кефир,
1879,другое,
1880,ботинки,
1881,еда,
1882,раствор,
1883,еда,
1884,полуботинки,
1885,другое,
1886,дом,
1887,еда,
1888,другое,
1889,товара нет,
1890,одежда,
1891,другое,
1892,еда,
1893,одежда,
1894,еда,
1895,пакет,
1896,другое,
1897,еда,
1898,другое,
1899,одежда,
1900,другое,
1901,толстовка,
1902,семечки,
1903,другое,
1904,еда,
1905,джинсы,
1906,другое,
1907,другое,
1908,косметика,
1909,электроника,
1910,другое,
1911,еда,
1912,другое,
1913,еда,
1914,товара нет,
1915,еда,
1916,другое,
1917,другое,
1918,сухарики,
1919,товара нет,
1920,стройматериалы,
1921,стройматериалы,
1922,другое,
1923,одежда,
1924,другое,
1925,другое,
1926,стройматериалы,
1927,электроника,
1928,еда,
1929,стройматериалы,
1930,творог,
1931,товара нет,
1932,еда,
1933,другое,
1934,другое,
1935,канцелярия,
1936,канцелярия,
1937,другое,
1938,электроника,
1939,другое,
1940,косметика,
1941,другое,
1942,вино,
1943,еда,
1944,одежда,
1945,еда,
1946,еда,
1947,одежда,
1948,другое,
1949,спрей,
1950,другое,
1951,ботинки,
1952,другое,
1953,другое,
1954,другое,
1955,другое,
1956,лимонад,
1957,одежда,
1958,суп,
1959,другое,
1960,еда,
1961,еда,
1962,косметика,
1963,другое,
1964,еда,
1965,другое,
1966,еда,
1967,другое,
1968,соус,
1969,еда,
1970,косметика,
1971,стройматериалы,
1972,еда,
1973,стройматериалы,
1974,другое,
1975,обувь,
1976,другое,
1977,одежда,
1978,другое,
1979,другое,
1980,одежда,
1981,приправа,
1982,еда,
1983,лапша,
1984,соус,
1985,другое,
1986,другое,
1987,соус,
1988,еда,
1989,ботинки,
1990,полуботинки,
1991,товара нет,
1992,другое,
1993,одежда,
1994,щетка,
1995,еда,
1996,другое,
1997,другое,
1998,еда,
1999,семечки,
2000,еда,
2001,косметика,
2002,раствор,
2003,рис,
2004,серьги,
2005,еда,
2006,другое,
2007,другое,
2008,еда,
2009,другое,
2010,ботинки,
2011,другое,
2012,косметика,
2013,еда,
2014,другое,
2015,другое,
2016,одежда,
2017,другое,
2018,еда,
2019,товара нет,
2020,другое,
2021,еда,
2022,одежда,
2023,рис,
2024,стройматериалы,
2025,мармелад,
2026,одежда,
2027,косметика,
2028,стройматериалы,
2029,фильтр,
2030,другое,
2031,сметана,
2032,косметика,
2033,другое,
2034,другое,
2035,ботинки,
2036,другое,
2037,другое,
2038,шапка,
2039,еда,
2040,другое,
2041,товара нет,
2042,еда,
2043,рис,
2044,стройматериалы,
2045,еда,
2046,другое,
2047,одежда,
2048,дом,
2049,товара нет,
2050,щетка,
2051,соус,
2052,сельдь,
2053,туфли,
2054,другое,
2055,другое,
2056,одежда,
2057,стройматериалы,
2058,другое,
2059,одежда,
2060,еда,
2061,очиститель,
2062,фильтр,
2063,еда,
2064,канцелярия,
2065,другое,
2066,ботинки,
2067,другое,
2068,другое,
2069,другое,
2070,косметика,
2071,раствор,
2072,стройматериалы,
2073,косметика,
2074,фильтр,
2075,косметика,
2076,одежда,
2077,одежда,
2078,кефир,
2079,другое,
2080,другое,
2081,другое,
2082,каша,
2083,стройматериалы,
2084,одежда,
2085,одежда,
2086,приправа,
2087,другое,
2088,косметика,
2089,еда,
2090,фильтр,
2091,другое,
2092,эскимо,
2093,одежда,
2094,другое,
2095,другое,
2096,еда,
2097,другое,
2098,другое,
2099,еда,
2100,другое,
2101,товара нет,
2102,еда,
2103,пакет,
2104,косметика,
2105,одежда,
2106,джинсы,
2107,другое,
2108,лапша,
2109,еда,
2110,еда,
2111,одежда,
2112,одежда,
2113,другое,
2114,другое,
2115,другое,
2116,другое,
2117,товара нет,
2118,табак,
2119,еда,
2120,другое,
2121,одежда,
2122,другое,
2123,канцелярия,
2124,электроника,
2125,другое,
2126,бальзам,
2127,стройматериалы,
2128,другое,
2129,другое,
2130,водка,
2131,косметика,
2132,еда,
2133,еда,
2134,другое,
2135,еда,
2136,другое,
2137,другое,
2138,другое,
2139,другое,
2140,другое,
2141,другое,
2142,порошок,
2143,другое,
2144,пюре,
2145,одежда,
2146,стройматериалы,
2147,электроника,
2148,сухарики,
2149,другое,
2150,чипсы,
2151,табак,
2152,другое,
2153,канцелярия,
2154,нож,
2155,еда,
2156,другое,
2157,еда,
2158,одежда,
2159,другое,
2160,электроника,
2161,еда,
2162,сметана,
2163,еда,
2164,ботинки,
2165,канцелярия,
2166,еда,
2167,другое,
2168,другое,
2169,другое,
2170,здоровье,
2171,одежда,
2172,товара нет,
2173,одежда,
2174,палочки,
2175,канцелярия,
2176,другое,
2177,стройматериалы,
2178,кефир,
2179,одежда,
2180,другое,
2181,одежда,
2182,стройматериалы,
2183,одежда,
2184,косметика,
2185,здоровье,
2186,коньяк,
2187,еда,
2188,другое,
2189,еда,
2190,яйцо,
2191,другое,
2192,еда,
2193,здоровье,
2194,другое,
2195,другое,
2196,другое,
2197,канцелярия,
2198,еда,
2199,вино,
2200,другое,
2201,фильтр,
2202,карамель,
2203,сливки,
2204,яйцо,
2205,фильтр,
2206,другое,
2207,другое,
2208,другое,
2209,одежда,
2210,другое,
2211,косметика,
2212,табак,
2213,другое,
2214,другое,
2215,еда,
2216,другое,
2217,стройматериалы,
2218,другое,
2219,здоровье,
2220,еда,
2221,еда,
2222,другое,
2223,другое,
2224,косметика,
2225,одежда,
2226,другое,
2227,ботинки,
2228,здоровье,
2229,свеча,
2230,шапка,
2231,другое,
2232,здоровье,
2233,еда,
2234,товара нет,
2235,товара нет,
2236,другое,
2237,другое,
2238,еда,
2239,другое,
2240,одежда,
2241,кефир,
2242,лента,
2243,еда,
2244,другое,
2245,перчатки,
2246,другое,
2247,другое,
2248,другое,
2249,еда,
2250,другое,
2251,еда,
2252,серьги,
2253,еда,
2254,другое,
2255,вино,
2256,товара нет,
2257,другое,
2258,другое,
2259,косметика,
2260,дом,
2261,косметика,
2262,другое,
2263,другое,
2264,фильтр,
2265,еда,
2266,одежда,
2267,канцелярия,
2268,товара нет,
2269,другое,
2270,еда,
2271,еда,
2272,другое,
2273,еда,
2274,еда,
2275,стройматериалы,
2276,другое,
2277,другое,
2278,еда,
2279,другое,
2280,еда,
2281,товара нет,
2282,другое,
2283,раствор,
2284,канцелярия,
2285,еда,
2286,еда,
2287,еда,
2288,другое,
2289,бальзам,
2290,товара нет,
2291,раствор,
2292,другое,
2293,другое,
2294,одежда,
2295,одежда,
2296,другое,
2297,дом,
2298,костюм,
2299,еда,
2300,другое,
2301,вино,
2302,одежда,
2303,одежда,
2304,семечки,
2305,еда,
2306,карамель,
2307,еда,
2308,бальзам,
2309,одежда,
2310,другое,
2311,пакет,
2312,стройматериалы,
2313,другое,
2314,еда,
2315,одежда,
2316,другое,
2317,ботинки,
2318,товара нет,
2319,косметика,
2320,товара нет,
2321,косметика,
2322,одежда,
2323,другое,
2324,другое,
2325,соус,
2326,другое,
2327,капсулы,
2328,другое,
2329,канцелярия,
2330,вино,
2331,еда,
2332,еда,
2333,другое,
2334,еда,
2335,торт,
2336,канцелярия,
2337,канцелярия,
2338,соус,
2339,еда,
2340,соус,
2341,другое,
2342,пирожное,
2343,туфли,
2344,клей,
2345,другое,
2346,другое,
2347,одежда,
2348,еда,
2349,другое,
2350,другое,
2351,сорочка,
2352,косметика,
2353,лимонад,
2354,стройматериалы,
2355,каша,
2356,другое,
2357,другое,
2358,другое,
2359,клей,
2360,товара нет,
2361,еда,
2362,другое,
2363,еда,
2364,еда,
2365,другое,
2366,канцелярия,
2367,другое,
2368,еда,
2369,сумка,
2370,еда,
2371,электроника,
2372,арахис,
2373,канцелярия,
2374,другое,
2375,дом,
2376,ботинки,
2377,одежда,
2378,другое,
2379,другое,
2380,другое,
2381,другое,
2382,еда,
2383,еда,
2384,товара нет,
2385,канцелярия,
2386,другое,
2387,раствор,
2388,одежда,
2389,канцелярия,
2390,другое,
2391,еда,
2392,другое,
2393,еда,
2394,другое,
2395,одежда,
2396,еда,
2397,другое,
2398,еда,
2399,другое,
2400,другое,
2401,серьги,
2402,другое,
2403,другое,
2404,другое,
2405,другое,
2406,другое,
2407,товара нет,
2408,другое,
2409,другое,
2410,сухарики,
2411,еда,
2412,папка,
2413,еда,
2414,товара нет,
2415,другое,
2416,одежда,
2417,сливки,
2418,другое,
2419,другое,
2420,другое,
2421,еда,
2422,еда,
2423,стройматериалы,
2424,сверло,
2425,еда,
2426,еда,
2427,одежда,
2428,одежда,
2429,еда,
2430,стройматериалы,
2431,еда,
2432,наполнитель,
2433,щетка,
2434,товара нет,
2435,табак,
2436,одежда,
2437,другое,
2438,товара нет,
2439,другое,
2440,одежда,
2441,еда,
2442,другое,
2443,другое,
2444,еда,
2445,другое,
2446,другое,
2447,одежда,
2448,еда,
2449,другое,
2450,ботинки,
2451,еда,
2452,одежда,
2453,паста,
2454,другое,
2455,другое,
2456,еда,
2457,товара нет,
2458,еда,
2459,другое,
2460,наполнитель,
2461,другое,
2462,еда,
2463,одежда,
2464,еда,
2465,губка,
2466,другое,
2467,товара нет,
2468,яйцо,
2469,электроника,
2470,другое,
2471,еда,
2472,одежда,
2473,другое,
2474,другое,
2475,другое,
2476,еда,
2477,другое,
2478,другое,
2479,канцелярия,
2480,канцелярия,
2481,одежда,
2482,другое,
2483,еда,
2484,другое,
2485,стройматериалы,
2486,другое,
2487,еда,
2488,кефир,
2489,рис,
2490,одежда,
2491,одежда,
2492,другое,
2493,одежда,
2494,другое,
2495,одежда,
2496,канцелярия,
2497,другое,
2498,сметана,
2499,одежда,
2500,еда,
2501,спрей,
2502,другое,
2503,другое,
2504,еда,
2505,кружка,
2506,одежда,
2507,одежда,
2508,майонез,
2509,другое,
2510,сапоги,
2511,другое,
2512,другое,
2513,здоровье,
2514,еда,
2515,фильтр,
2516,другое,
2517,здоровье,
2518,еда,
2519,творог,
2520,лимонад,
2521,одежда,
2522,другое,
2523,дом,
2524,косметика,
2525,канцелярия,
2526,еда,
2527,другое,
2528,одежда,
2529,другое,
2530,другое,
2531,одежда,
2532,шапка,
2533,туфли,
2534,другое,
2535,еда,
2536,канцелярия,
2537,еда,
2538,еда,
2539,другое,
2540,еда,
2541,другое,
2542,еда,
2543,другое,
2544,еда,
2545,рис,
2546,маска,
2547,товара нет,
2548,другое,
2549,еда,
2550,еда,
2551,одежда,
2552,еда,
2553,карамель,
2554,другое,
2555,другое,
2556,другое,
2557,другое,
2558,полуботинки,
2559,товара нет,
2560,здоровье,
2561,кеды,
2562,толстовка,
2563,приправа,
2564,еда,
2565,одежда,
2566,другое,
2567,пакет,
2568,другое,
2569,клей,
2570,майонез,
2571,ботинки,
2572,еда,
2573,другое,
2574,одежда,
2575,другое,
2576,еда,
2577,дом,
2578,пакеты,
2579,шапка,
2580,другое,
2581,другое,
2582,другое,
2583,еда,
2584,щетка,
2585,губка,
2586,еда,
2587,другое,
2588,другое,
2589,одежда,
2590,одежда,
2591,сухарики,
2592,еда,
2593,косметика,
2594,другое,
2595,сосиски,
2596,другое,
2597,другое,
2598,еда,
2599,другое,
2600,еда,
2601,другое,
2602,стройматериалы,
2603,другое,
2604,канцелярия,
2605,канцелярия,
2606,одежда,
2607,еда,
2608,другое,
2609,другое,
2610,еда,
2611,другое,
2612,еда,
2613,одежда,
2614,товара нет,
2615,сухарики,
2616,другое,
2617,другое,
2618,фильтр,
2619,одежда,
2620,другое,
2621,другое,
2622,другое,
2623,товара нет,
2624,еда,
2625,одежда,
2626,другое,
2627,другое,
2628,другое,
2629,еда,
2630,одежда,
2631,каша,
2632,косметика,
2633,здоровье,
2634,другое,
2635,одежда,
2636,еда,
2637,другое,
2638,другое,
2639,другое,
2640,косметика,
2641,еда,
2642,раствор,
2643,товара нет,
2644,еда,
2645,одежда,
2646,ботинки,
2647,одежда,
2648,товара нет,
2649,костюм,
2650,товара нет,
2651,канцелярия,
2652,другое,
2653,косметика,
2654,электроника,
2655,другое,
2656,другое,
2657,еда,
2658,свеча,
2659,сметана,
2660,еда,
2661,другое,
2662,другое,
2663,еда,
2664,косметика,
2665,еда,
2666,одежда,
2667,товара нет,
2668,перчатки,
2669,приправа,
2670,паштет,
2671,электроника,
2672,толстовка,
2673,другое,
2674,соус,
2675,ботинки,
2676,еда,
2677,майонез,
2678,еда,
2679,карамель,
2680,кефир,
2681,одежда,
2682,товара нет,
2683,спрей,
2684,товара нет,
2685,еда,
2686,еда,
2687,билет,
2688,еда,
2689,перчатки,
2690,другое,
2691,другое,
2692,стройматериалы,
2693,одежда,
2694,папка,
2695,еда,
2696,косметика,
2697,канцелярия,
2698,одежда,
2699,толстовка,
2700,товара нет,
2701,другое,
2702,стройматериалы,
2703,другое,
2704,канцелярия,
2705,каша,
2706,товара нет,
2707,электроника,
2708,другое,
2709,другое,
2710,другое,
2711,другое,
2712,другое,
2713,еда,
2714,другое,
2715,другое,
2716,другое,
2717,одежда,
2718,еда,
2719,еда,
2720,еда,
2721,паста,
2722,другое,
2723,обувь,
2724,зубная паста,
2725,другое,
2726,другое,
2727,одежда,
2728,лапша,
2729,другое,
2730,щетка,
2731,здоровье,
2732,еда,
2733,другое,
2734,еда,
2735,еда,
2736,другое,
2737,одежда,
2738,раствор,
2739,одежда,
2740,соус,
2741,косметика,
2742,канцелярия,
2743,другое,
2744,другое,
2745,одежда,
2746,стройматериалы,
2747,ботинки,
2748,другое,
2749,еда,
2750,другое,
2751,еда,
2752,еда,
2753,одежда,
2754,одежда,
2755,канцелярия,
2756,еда,
2757,комбинезон,
2758,одежда,
2759,капсулы,
2760,товара нет,
2761,косметика,
2762,другое,
2763,одежда,
2764,другое,
2765,одежда,
2766,другое,
2767,одежда,
2768,другое,
2769,другое,
2770,другое,
2771,другое,
2772,одежда,
2773,еда,
2774,товара нет,
2775,товара нет,
2776,другое,
2777,товара нет,
2778,одежда,
2779,еда,
2780,косметика,
2781,одежда,
2782,другое,
2783,еда,
2784,еда,
2785,другое,
2786,шапка,
2787,серьги,
2788,другое,
2789,другое,
2790,еда,
2791,канцелярия,
2792,еда,
2793,другое,
2794,стройматериалы,
2795,еда,
2796,одежда,
2797,другое,
2798,маска,
2799,другое,
2800,другое,
2801,еда,
2802,другое,
2803,электроника,
2804,другое,
2805,еда,
2806,еда,
2807,сельдь,
2808,другое,
2809,другое,
2810,другое,
2811,вино,
2812,другое,
2813,одежда,
2814,обувь,
2815,товара нет,
2816,одежда,
2817,косметика,
2818,еда,
2819,товара нет,
2820,стройматериалы,
2821,косметика,
2822,рис,
2823,другое,
2824,еда,
2825,другое,
2826,другое,
2827,косметика,
2828,другое,
2829,другое,
2830,еда,
2831,сверло,
2832,товара нет,
2833,товара нет,
2834,другое,
2835,еда,
2836,другое,
2837,здоровье,
2838,другое,
2839,одежда,
2840,товара нет,
2841,другое,
2842,фильтр,
2843,другое,
2844,еда,
2845,еда,
2846,фильтр,
2847,колготки,
2848,пакет,
2849,другое,
2850,пюре,
2851,еда,
2852,другое,
2853,соус,
2854,фильтр,
2855,стройматериалы,
2856,еда,
2857,одежда,
2858,другое,
2859,другое,
2860,другое,
2861,одежда,
2862,еда,
2863,водка,
2864,другое,
2865,еда,
2866,косметика,
2867,другое,
2868,другое,
2869,водка,
2870,электроника,
2871,еда,
2872,товара нет,
2873,другое,
2874,другое,
2875,другое,
2876,другое,
2877,другое,
2878,фильтр,
2879,косметика,
2880,косметика,
2881,косметика,
2882,одежда,
2883,канцелярия,
2884,еда,
2885,другое,
2886,паста,
2887,товара нет,
2888,другое,
2889,стройматериалы,
2890,еда,
2891,стройматериалы,
2892,еда,
2893,другое,
2894,дом,
2895,одежда,
2896,товара нет,
2897,другое,
2898,папка,
2899,одежда,
2900,еда,
2901,еда,
2902,канцелярия,
2903,другое,
2904,одежда,
2905,одежда,
2906,еда,
2907,еда,
2908,сумка,
2909,косметика,
2910,бальзам,
2911,еда,
2912,другое,
2913,другое,
2914,другое,
2915,товара нет,
2916,еда,
2917,еда,
2918,другое,
2919,еда,
2920,еда,
2921,другое,
2922,одежда,
2923,еда,
2924,канцелярия,
2925,водка,
2926,дом,
2927,товара нет,
2928,кружка,
2929,картридж,
2930,лимонад,
2931,одежда,
2932,товара нет,
2933,косметика,
2934,здоровье,
2935,соус,
2936,дом,
2937,товара нет,
2938,еда,
2939,электроника,
2940,одежда,
2941,другое,
2942,раствор,
2943,другое,
2944,еда,
2945,другое,
2946,другое,
2947,другое,
2948,косметика,
2949,еда,
2950,другое,
2951,другое,
2952,сметана,
2953,одежда,
2954,другое,
2955,еда,
2956,другое,
2957,другое,
2958,одежда,
2959,еда,
2960,стройматериалы,
2961,одежда,
2962,другое,
2963,лимонад,
2964,еда,
2965,щетка,
2966,одежда,
2967,другое,
2968,коньяк,
2969,другое,
2970,одежда,
2971,еда,
2972,еда,
2973,другое,
2974,еда,
2975,другое,
2976,другое,
2977,майонез,
2978,другое,
2979,другое,
2980,эскимо,
2981,одежда,
2982,еда,
2983,одежда,
2984,соус,
2985,другое,
2986,еда,
2987,еда,
2988,косметика,
2989,другое,
2990,другое,
2991,фильтр,
2992,еда,
2993,раствор,
2994,еда,
2995,соус,
2996,фильтр,
2997,товара нет,
2998,фильтр,
2999,дом,
3000,стройматериалы,
3001,еда,
3002,еда,
3003,одежда,
3004,товара нет,
3005,одежда,
3006,здоровье,
3007,здоровье,
3008,еда,
3009,здоровье,
3010,другое,
3011,канцелярия,
3012,одежда,
3013,косметика,
3014,еда,
3015,канцелярия,
3016,другое,
3017,еда,
3018,косметика,
3019,другое,
3020,товара нет,
3021,товара нет,
3022,паста,
3023,товара нет,
3024,еда,
3025,косметика,
3026,другое,
3027,яйцо,
3028,другое,
3029,другое,
3030,сухарики,
3031,здоровье,
3032,сумка,
3033,еда,
3034,другое,
3035,другое,
3036,канцелярия,
3037,игрушка,
3038,еда,
3039,электроника,
3040,карамель,
3041,другое,
3042,другое,
3043,другое,
3044,еда,
3045,другое,
3046,одежда,
3047,одежда,
3048,еда,
3049,одежда,
3050,еда,
3051,канцелярия,
3052,товара нет,
3053,товара нет,
3054,палочки,
3055,другое,
3056,творог,
3057,еда,
3058,другое,
3059,другое,
3060,эскимо,
3061,другое,
3062,фильтр,
3063,одежда,
3064,здоровье,
3065,косметика,
3066,другое,
3067,одежда,
3068,перчатки,
3069,еда,
3070,другое,
3071,еда,
3072,одежда,
3073,канцелярия,
3074,товара нет,
3075,сухарики,
3076,другое,
3077,здоровье,
3078,другое,
3079,капсулы,
3080,товара нет,
3081,канцелярия,
3082,другое,
3083,еда,
3084,другое,
3085,еда,
3086,другое,
3087,косметика,
3088,еда,
3089,другое,
3090,другое,
3091,фильтр,
3092,другое,
3093,другое,
3094,товара нет,
3095,еда,
3096,другое,
3097,одежда,
3098,здоровье,
3099,другое,
3100,другое,
3101,другое,
3102,другое,
3103,другое,
3104,майонез,
3105,одежда,
3106,зубная паста,
3107,еда,
3108,одежда,
3109,пластырь,
3110,колготки,
3111,бальзам,
3112,другое,
3113,другое,
3114,другое,
3115,маска,
3116,маска,
3117,дом,
3118,другое,
3119,другое,
3120,электроника,
3121,еда,
3122,косметика,
3123,спрей,
3124,другое,
3125,другое,
3126,еда,
3127,одежда,
3128,другое,
3129,другое,
3130,электроника,
3131,еда,
3132,одежда,
3133,здоровье,
3134,другое,
3135,одежда,
3136,ботинки,
3137,другое,
3138,другое,
3139,другое,
3140,другое,
3141,эскимо,
3142,пакет,
3143,одежда,
3144,еда,
3145,еда,
3146,еда,
3147,еда,
3148,одежда,
3149,здоровье,
3150,еда,
3151,еда,
3152,еда,
3153,одежда,
3154,фильтр,
3155,еда,
3156,товара нет,
3157,другое,
3158,еда,
3159,другое,
3160,еда,
3161,другое,
3162,другое,
3163,косметика,
3164,другое,
3165,джинсы,
3166,другое,
3167,одежда,
3168,еда,
3169,другое,
3170,еда,
3171,одежда,
3172,одежда,
3173,другое,
3174,одежда,
3175,другое,
3176,еда,
3177,косметика,
3178,другое,
3179,одежда,
3180,раствор,
3181,еда,
3182,еда,
3183,другое,
3184,косметика,
3185,другое,
3186,другое,
3187,еда,
3188,одежда,
3189,другое,
3190,косметика,
3191,одежда,
3192,другое,
3193,яйцо,
3194,товара нет,
3195,другое,
3196,другое,
3197,еда,
3198,другое,
3199,сливки,
3200,еда,
3201,товара нет,
3202,еда,
3203,еда,
3204,здоровье,
3205,одежда,
3206,другое,
3207,раствор,
3208,дом,
3209,другое,
3210,другое,
3211,другое,
3212,другое,
3213,другое,
3214,другое,
3215,другое,
3216,товара нет,
3217,еда,
3218,другое,
3219,одежда,
3220,другое,
3221,оливки,
3222,другое,
3223,другое,
3224,другое,
3225,еда,
3226,раствор,
3227,одежда,
3228,одежда,
3229,товара нет,
3230,ботинки,
3231,другое,
3232,одежда,
3233,обувь,
3234,товара нет,
3235,здоровье,
3236,другое,
3237,одежда,
3238,другое,
3239,другое,
3240,фильтр,
3241,косметика,
3242,пирожное,
3243,паста,
3244,одежда,
3245,еда,
3246,арахис,
3247,другое,
3248,другое,
3249,пюре,
3250,одежда,
3251,одежда,
3252,стройматериалы,
3253,одежда,
3254,другое,
3255,серьги,
3256,другое,
3257,каша,
3258,другое,
3259,товара нет,
3260,еда,
3261,другое,
3262,другое,
3263,еда,
3264,другое,
3265,еда,
3266,другое,
3267,еда,
3268,одежда,
3269,щетка,
3270,шапка,
3271,раствор,
3272,еда,
3273,еда,
3274,одежда,
3275,еда,
3276,еда,
3277,другое,
3278,бюстгальтер,
3279,другое,
3280,яйцо,
3281,другое,
3282,другое,
3283,косметика,
3284,еда,
3285,другое,
3286,одежда,
3287,еда,
3288,другое,
3289,перчатки,
3290,канцелярия,
3291,еда,
3292,раствор,
3293,другое,
3294,одежда,
3295,другое,
3296,еда,
3297,ботинки,
3298,билет,
3299,ботинки,
3300,пюре,
3301,одежда,
3302,еда,
3303,еда,
3304,еда,
3305,еда,
3306,одежда,
3307,хомут,
3308,порошок,
3309,косметика,
3310,другое,
3311,другое,
3312,канцелярия,
3313,колготки,
3314,одежда,
3315,ботинки,
3316,еда,
3317,соус,
3318,другое,
3319,стройматериалы,
3320,еда,
3321,косметика,
3322,мармелад,
3323,костюм,
3324,другое,
3325,одежда,
3326,стройматериалы,
3327,сухарики,
3328,стройматериалы,
3329,еда,
3330,косметика,
3331,другое,
3332,вино,
3333,другое,
3334,другое,
3335,товара нет,
3336,другое,
3337,другое,
3338,капсулы,
3339,одежда,
3340,одежда,
3341,одежда,
3342,еда,
3343,еда,
3344,ботинки,
3345,пирожное,
3346,товара нет,
3347,еда,
3348,сверло,
3349,пакеты,
3350,палочки,
3351,еда,
3352,канцелярия,
3353,здоровье,
3354,другое,
3355,одежда,
3356,косметика,
3357,другое,
3358,еда,
3359,еда,
3360,еда,
3361,здоровье,
3362,торт,
3363,другое,
3364,стройматериалы,
3365,товара нет,
3366,еда,
3367,мармелад,
3368,косметика,
3369,дом,
3370,другое,
3371,товара нет,
3372,товара нет,
3373,другое,
3374,стройматериалы,
3375,табак,
3376,другое,
3377,косметика,
3378,канцелярия,
3379,другое,
3380,другое,
3381,другое,
3382,другое,
3383,серьги,
3384,другое,
3385,еда,
3386,еда,
3387,сливки,
3388,водка,
3389,еда,
3390,еда,
3391,другое,
3392,еда,
3393,раствор,
3394,бальзам,
3395,стройматериалы,
3396,еда,
3397,другое,
3398,другое,
3399,другое,
3400,канцелярия,
3401,косметика,
3402,другое,
3403,ботинки,
3404,канцелярия,
3405,ботинки,
3406,другое,
3407,клей,
3408,одежда,
3409,еда,
3410,другое,
3411,другое,
3412,другое,
3413,другое,
3414,одежда,
3415,толстовка,
3416,каша,
3417,канцелярия,
3418,лимонад,
3419,здоровье,
3420,одежда,
3421,одежда,
3422,другое,
3423,ботинки,
3424,еда,
3425,другое,
3426,кружка,
3427,другое,
3428,электроника,
3429,косметика,
3430,джинсы,
3431,другое,
3432,еда,
3433,одежда,
3434,другое,
3435,еда,
3436,стройматериалы,
3437,другое,
3438,еда,
3439,еда,
3440,одежда,
3441,другое,
3442,еда,
3443,товара нет,
3444,одежда,
3445,другое,
3446,косметика,
3447,одежда,
3448,еда,
3449,мармелад,
3450,одежда,
3451,другое,
3452,одежда,
3453,еда,
3454,дом,
3455,сверло,
3456,другое,
3457,другое,
3458,другое,
3459,другое,
3460,еда,
3461,другое,
3462,одежда,
3463,еда,
3464,товара нет,
3465,толстовка,
3466,одежда,
3467,другое,
3468,другое,
3469,другое,
3470,еда,
3471,пакет,
3472,товара нет,
3473,одежда,
3474,лента,
3475,стройматериалы,
3476,одежда,
3477,вино,
3478,другое,
3479,каша,
3480,другое,
3481,еда,
3482,толстовка,
3483,товара нет,
3484,другое,
3485,другое,
3486,другое,
3487,еда,
3488,товара нет,
3489,другое,
3490,стройматериалы,
3491,канцелярия,
3492,водка,
3493,порошок,
3494,другое,
3495,еда,
3496,другое,
3497,еда,
3498,одежда,
3499,еда,
3500,клей,
3501,еда,
3502,товара нет,
3503,еда,
3504,другое,
3505,одежда,
3506,канцелярия,
3507,другое,
3508,другое,
3509,одежда,
3510,еда,
3511,одежда,
3512,еда,
3513,капсулы,
3514,фильтр,
3515,другое,
3516,еда,
3517,другое,
3518,еда,
3519,другое,
3520,одежда,
3521,еда,
3522,другое,
3523,другое,
3524,ботинки,
3525,сосиски,
3526,канцелярия,
3527,перчатки,
3528,еда,
3529,здоровье,
3530,другое,
3531,другое,
3532,одежда,
3533,другое,
3534,еда,
3535,ботинки,
3536,еда,
3537,серьги,
3538,канцелярия,
3539,электроника,
3540,одежда,
3541,товара нет,
3542,канцелярия,
3543,электроника,
3544,эскимо,
3545,другое,
3546,одежда,
3547,другое,
3548,другое,
3549,ботинки,
3550,другое,
3551,водка,
3552,здоровье,
3553,одежда,
3554,другое,
3555,одежда,
3556,другое,
3557,торт,
3558,другое,
3559,одежда,
3560,канцелярия,
3561,другое,
3562,одежда,
3563,сухарики,
3564,косметика,
3565,еда,
3566,еда,
3567,другое,
3568,косметика,
3569,торт,
3570,товара нет,
3571,щетка,
3572,другое,
3573,косметика,
3574,другое,
3575,еда,
3576,сельдь,
3577,другое,
3578,другое,
3579,стройматериалы,
3580,раствор,
3581,товара нет,
3582,стройматериалы,
3583,другое,
3584,другое,
3585,другое,
3586,одежда,
3587,другое,
3588,еда,
3589,раствор,
3590,колготки,
3591,канцелярия,
3592,еда,
3593,одежда,
3594,еда,
3595,еда,
3596,одежда,
3597,еда,
3598,канцелярия,
3599,еда,
3600,одежда,
3601,товара нет,
3602,еда,
3603,еда,
3604,другое,
3605,другое,
3606,еда,
3607,папка,
3608,другое,
3609,одежда,
3610,фильтр,
3611,товара нет,
3612,одежда,
3613,еда,
3614,другое,
3615,одежда,
3616,канцелярия,
3617,дом,
3618,другое,
3619,другое,
3620,другое,
3621,раствор,
3622,еда,
3623,еда,
3624,лента,
3625,одежда,
3626,вино,
3627,другое,
3628,другое,
3629,другое,
3630,одежда,
3631,еда,
3632,другое,
3633,одежда,
3634,косметика,
3635,другое,
3636,другое,
3637,другое,
3638,канцелярия,
3639,колготки,
3640,другое,
3641,товара нет,
3642,канцелярия,
3643,спрей,
3644,одежда,
3645,соус,
3646,одежда,
3647,другое,
3648,одежда,
3649,одежда,
3650,еда,
3651,одежда,
3652,другое,
3653,другое,
3654,табак,
3655,ботинки,
3656,еда,
3657,яйцо,
3658,другое,
3659,косметика,
3660,еда,
3661,здоровье,
3662,другое,
3663,еда,
3664,другое,
3665,клей,
3666,одежда,
3667,одежда,
3668,одежда,
3669,другое,
3670,здоровье,
3671,другое,
3672,капсулы,
3673,еда,
3674,сметана,
3675,еда,
3676,товара нет,
3677,еда,
3678,другое,
3679,водка,
3680,обувь,
3681,одежда,
3682,еда,
3683,еда,
3684,бюстгальтер,
3685,косметика,
3686,одежда,
3687,другое,
3688,одежда,
3689,еда,
3690,еда,
3691,здоровье,
3692,стройматериалы,
3693,губка,
3694,одежда,
3695,другое,
3696,одежда,
3697,другое,
3698,другое,
3699,одежда,
3700,еда,
3701,одежда,
3702,пюре,
3703,туфли,
3704,другое,
3705,другое,
3706,другое,
3707,другое,
3708,ботинки,
3709,другое,
3710,другое,
3711,одежда,
3712,товара нет,
3713,пюре,
3714,сметана,
3715,другое,
3716,одежда,
3717,одежда,
3718,одежда,
3719,еда,
3720,одежда,
3721,еда,
3722,другое,
3723,еда,
3724,одежда,
3725,другое,
3726,другое,
3727,капсулы,
3728,одежда,
3729,другое,
3730,еда,
3731,здоровье,
3732,другое,
3733,стройматериалы,
3734,другое,
3735,другое,
3736,другое,
3737,одежда,
3738,одежда,
3739,одежда,
3740,другое,
3741,другое,
3742,одежда,
3743,электроника,
3744,еда,
3745,товара нет,
3746,канцелярия,
3747,сумка,
3748,одежда,
3749,канцелярия,
3750,канцелярия,
3751,раствор,
3752,еда,
3753,электроника,
3754,фильтр,
3755,одежда,
3756,другое,
3757,канцелярия,
3758,другое,
3759,другое,
3760,другое,
3761,еда,
3762,другое,
3763,еда,
3764,здоровье,
3765,еда,
3766,еда,
3767,здоровье,
3768,канцелярия,
3769,другое,
3770,одежда,
3771,другое,
3772,другое,
3773,одежда,
3774,еда,
3775,толстовка,
3776,вино,
3777,другое,
3778,раствор,
3779,еда,
3780,еда,
3781,еда,
3782,другое,
3783,одежда,
3784,одежда,
3785,другое,
3786,товара нет,
3787,канцелярия,
3788,сосиски,
3789,одежда,
3790,другое,
3791,другое,
3792,одежда,
3793,одежда,
3794,другое,
3795,сорочка,
3796,еда,
3797,другое,
3798,одежда,
3799,канцелярия,
3800,соус,
3801,товара нет,
3802,яйцо,
3803,другое,
3804,другое,
3805,одежда,
3806,стройматериалы,
3807,еда,
3808,другое,
3809,другое,
3810,одежда,
3811,соус,
3812,косметика,
3813,канцелярия,
3814,косметика,
3815,другое,
3816,другое,
3817,другое,
3818,еда,
3819,одежда,
3820,товара нет,
3821,одежда,
3822,здоровье,
3823,одежда,
3824,другое,
3825,канцелярия,
3826,игрушка,
3827,стройматериалы,
3828,одежда,
3829,электроника,
3830,еда,
3831,колготки,
3832,канцелярия,
3833,одежда,
3834,еда,
3835,ботинки,
3836,другое,
3837,еда,
3838,товара нет,
3839,другое,
3840,другое,
3841,канцелярия,
3842,еда,
3843,раствор,
3844,вино,
3845,другое,
3846,еда,
3847,товара нет,
3848,другое,
3849,еда,
3850,одежда,
3851,пюре,
3852,товара нет,
3853,другое,
3854,другое,
3855,другое,
3856,стройматериалы,
3857,кефир,
3858,одежда,
3859,другое,
3860,другое,
3861,арахис,
3862,другое,
3863,обувь,
3864,еда,
3865,коньяк,
3866,одежда,
3867,здоровье,
3868,фильтр,
3869,раствор,
3870,товара нет,
3871,другое,
3872,канцелярия,
3873,стройматериалы,
3874,табак,
3875,еда,
3876,другое,
3877,другое,
3878,канцелярия,
3879,стройматериалы,
3880,другое,
3881,чипсы,
3882,серьги,
3883,еда,
3884,еда,
3885,еда,
3886,одежда,
3887,другое,
3888,еда,
3889,товара нет,
3890,товара нет,
3891,другое,
3892,мармелад,
3893,еда,
3894,другое,
3895,еда,
3896,фильтр,
3897,еда,
3898,еда,
3899,еда,
3900,другое,
3901,одежда,
3902,полотенце,
3903,одежда,
3904,еда,
3905,другое,
3906,сметана,
3907,папка,
3908,одежда,
3909,другое,
3910,товара нет,
3911,толстовка,
3912,другое,
3913,стройматериалы,
3914,еда,
3915,яйцо,
3916,другое,
3917,одежда,
3918,другое,
3919,другое,
3920,другое,
3921,другое,
3922,водка,
3923,еда,
3924,косметика,
3925,еда,
3926,еда,
3927,другое,
3928,другое,
3929,мармелад,
3930,косметика,
3931,другое,
3932,одежда,
3933,перчатки,
3934,другое,
3935,еда,
3936,другое,
3937,канцелярия,
3938,другое,
3939,другое,
3940,коньяк,
3941,другое,
3942,другое,
3943,одежда,
3944,еда,
3945,стройматериалы,
3946,другое,
3947,другое,
3948,другое,
3949,товара нет,
3950,еда,
3951,дом,
3952,другое,
3953,еда,
3954,яйцо,
3955,мармелад,
3956,канцелярия,
3957,еда,
3958,одежда,
3959,другое,
3960,другое,
3961,одежда,
3962,раствор,
3963,соус,
3964,стройматериалы,
3965,еда,
3966,бюстгальтер,
3967,канцелярия,
3968,другое,
3969,другое,
3970,товара нет,
3971,еда,
3972,товара нет,
3973,фильтр,
3974,другое,
3975,еда,
3976,каша,
3977,туфли,
3978,одежда,
3979,товара нет,
3980,другое,
3981,клей,
3982,другое,
3983,другое,
3984,еда,
3985,коньяк,
3986,другое,
3987,другое,
3988,другое,
3989,спрей,
3990,другое,
3991,товара нет,
3992,другое,
3993,одежда,
3994,другое,
3995,другое,
3996,другое,
3997,спрей,
3998,одежда,
3999,одежда,
4000,другое,
4001,другое,
4002,толстовка,
4003,еда,
4004,еда,
4005,водка,
4006,товара нет,
4007,товара нет,
4008,другое,
4009,другое,
4010,папка,
4011,одежда,
4012,другое,
4013,одежда,
4014,здоровье,
4015,рис,
4016,другое,
4017,косметика,
4018,еда,
4019,стройматериалы,
4020,другое,
4021,другое,
4022,другое,
4023,одежда,
4024,одежда,
4025,еда,
4026,косметика,
4027,еда,
4028,одежда,
4029,еда,
4030,одежда,
4031,другое,
4032,канцелярия,
4033,одежда,
4034,одежда,
4035,фильтр,
4036,пакет,
4037,одежда,
4038,товара нет,
4039,другое,
4040,одежда,
4041,канцелярия,
4042,другое,
4043,другое,
4044,еда,
4045,бальзам,
4046,еда,
4047,еда,
4048,канцелярия,
4049,косметика,
4050,ботинки,
4051,сметана,
4052,товара нет,
4053,одежда,
4054,товара нет,
4055,другое,
4056,другое,
4057,другое,
4058,одежда,
4059,одежда,
4060,товара нет,
4061,одежда,
4062,еда,
4063,еда,
4064,лимонад,
4065,соус,
4066,еда,
4067,электроника,
4068,другое,
4069,другое,
4070,канцелярия,
4071,колготки,
4072,другое,
4073,еда,
4074,канцелярия,
4075,еда,
4076,еда,
4077,другое,
4078,одежда,
4079,товара нет,
4080,одежда,
4081,серьги,
4082,другое,
4083,водка,
4084,товара нет,
4085,одежда,
4086,еда,
4087,товара нет,
4088,другое,
4089,еда,
4090,товара нет,
4091,еда,
4092,другое,
4093,бальзам,
4094,одежда,
4095,еда,
4096,еда,
4097,еда,
4098,еда,
4099,другое,
4100,другое,
4101,другое,
4102,майонез,
4103,другое,
4104,еда,
4105,пакет,
4106,одежда,
4107,другое,
4108,другое,
4109,одежда,
4110,товара нет,
4111,канцелярия,
4112,фильтр,
4113,другое,
4114,еда,
4115,одежда,
4116,лапша,
4117,еда,
4118,еда,
4119,канцелярия,
4120,серьги,
4121,еда,
4122,электроника,
4123,другое,
4124,еда,
4125,товара нет,
4126,еда,
4127,здоровье,
4128,ботинки,
4129,товара нет,
4130,косметика,
4131,дом,
4132,еда,
4133,одежда,
4134,другое,
4135,косметика,
4136,товара нет,
4137,другое,
4138,другое,
4139,еда,
4140,еда,
4141,другое,
4142,другое,
4143,еда,
4144,еда,
4145,сухарики,
4146,зубная паста,
4147,табак,
4148,одежда,
4149,товара нет,
4150,другое,
4151,еда,
4152,другое,
4153,еда,
4154,перчатки,
4155,одежда,
4156,лимонад,
4157,соус,
4158,еда,
4159,канцелярия,
4160,канцелярия,
4161,паста,
4162,канцелярия,
4163,одежда,
4164,еда,
4165,другое,
4166,толстовка,
4167,другое,
4168,другое,
4169,стройматериалы,
4170,лимонад,
4171,папка,
4172,другое,
4173,перчатки,
4174,электроника,
4175,другое,
4176,одежда,
4177,другое,
4178,арахис,
4179,здоровье,
4180,другое,
4181,товара нет,
4182,еда,
4183,кружка,
4184,еда,
4185,стройматериалы,
4186,паста,
4187,ботинки,
4188,косметика,
4189,другое,
4190,фильтр,
4191,другое,
4192,другое,
4193,другое,
4194,другое,
4195,другое,
4196,еда,
4197,канцелярия,
4198,еда,
4199,другое,
4200,другое,
4201,лимонад,
4202,товара нет,
4203,другое,
4204,сметана,
4205,сметана,
4206,еда,
4207,ботинки,
4208,другое,
4209,другое,
4210,другое,
4211,электроника,
4212,другое,
4213,бальзам,
4214,еда,
4215,одежда,
4216,палочки,
4217,пюре,
4218,сухарики,
4219,другое,
4220,одежда,
4221,соус,
4222,другое,
4223,товара нет,
4224,пакет,
4225,другое,
4226,ботинки,
4227,еда,
4228,другое,
4229,косметика,
4230,другое,
4231,другое,
4232,сверло,
4233,косметика,
4234,одежда,
4235,рис,
4236,арахис,
4237,другое,
4238,еда,
4239,другое,
4240,другое,
4241,еда,
4242,канцелярия,
4243,другое,
4244,капсулы,
4245,каша,
4246,еда,
4247,еда,
4248,одежда,
4249,одежда,
4250,товара нет,
4251,канцелярия,
4252,одежда,
4253,другое,
4254,еда,
4255,электроника,
4256,спрей,
4257,канцелярия,
4258,одежда,
4259,товара нет,
4260,еда,
4261,другое,
4262,еда,
4263,другое,
4264,одежда,
4265,другое,
4266,одежда,
4267,другое,
4268,пюре,
4269,канцелярия,
4270,здоровье,
4271,фильтр,
4272,другое,
4273,косметика,
4274,другое,
4275,другое,
4276,еда,
4277,еда,
4278,товара нет,
4279,другое,
4280,здоровье,
4281,еда,
4282,другое,
4283,еда,
4284,сверло,
4285,другое,
4286,другое,
4287,другое,
4288,другое,
4289,другое,
4290,еда,
4291,другое,
4292,хомут,
4293,другое,
4294,товара нет,
4295,другое,
4296,другое,
4297,другое,
4298,другое,
4299,другое,
4300,другое,
4301,косметика,
4302,стройматериалы,
4303,соус,
4304,другое,
4305,одежда,
4306,стройматериалы,
4307,еда,
4308,другое,
4309,одежда,
4310,другое,
4311,другое,
4312,канцелярия,
4313,другое,
4314,здоровье,
4315,другое,
4316,стройматериалы,
4317,одежда,
4318,товара нет,
4319,еда,
4320,соус,
4321,клей,
4322,раствор,
4323,другое,
4324,еда,
4325,еда,
4326,другое,
4327,другое,
4328,косметика,
4329,еда,
4330,другое,
4331,другое,
4332,еда,
4333,еда,
4334,канцелярия,
4335,другое,
4336,другое,
4337,электроника,
4338,другое,
4339,другое,
4340,косметика,
4341,одежда,
4342,еда,
4343,другое,
4344,еда,
4345,колготки,
4346,творог,
4347,еда,
4348,другое,
4349,другое,
4350,еда,
4351,стройматериалы,
4352,еда,
4353,раствор,
4354,другое,
4355,еда,
4356,другое,
4357,товара нет,
4358,другое,
4359,одежда,
4360,стройматериалы,
4361,другое,
4362,стройматериалы,
4363,канцелярия,
4364,ботинки,
4365,еда,
4366,раствор,
4367,другое,
4368,одежда,
4369,другое,
4370,другое,
4371,здоровье,
4372,товара нет,
4373,другое,
4374,другое,
4375,другое,
4376,одежда,
4377,полуботинки,
4378,товара нет,
4379,сметана,
4380,другое,
4381,дом,
4382,одежда,
4383,другое,
4384,фильтр,
4385,одежда,
4386,товара нет,
4387,одежда,
4388,водка,
4389,другое,
4390,одежда,
4391,другое,
4392,косметика,
4393,товара нет,
4394,другое,
4395,еда,
4396,одежда,
4397,товара нет,
4398,другое,
4399,другое,
4400,другое,
4401,еда,
4402,еда,
4403,еда,
4404,другое,
4405,еда,
4406,стройматериалы,
4407,еда,
4408,еда,
4409,другое,
4410,другое,
4411,товара нет,
4412,другое,
4413,канцелярия,
4414,обувь,
4415,другое,
4416,канцелярия,
4417,еда,
4418,одежда,
4419,творог,
4420,одежда,
4421,другое,
4422,другое,
4423,товара нет,
4424,сумка,
4425,другое,
4426,другое,
4427,еда,
4428,другое,
4429,другое,
4430,другое,
4431,одежда,
4432,еда,
4433,другое,
4434,другое,
4435,сумка,
4436,здоровье,
4437,здоровье,
4438,еда,
4439,одежда,
4440,одежда,
4441,перчатки,
4442,раствор,
4443,стройматериалы,
4444,товара нет,
4445,товара нет,
4446,фильтр,
4447,еда,
4448,одежда,
4449,еда,
4450,другое,
4451,другое,
4452,другое,
4453,еда,
4454,рис,
4455,другое,
4456,другое,
4457,одежда,
4458,суп,
4459,товара нет,
4460,товара нет,
4461,еда,
4462,еда,
4463,электроника,
4464,еда,
4465,одежда,
4466,другое,
4467,еда,
4468,еда,
4469,электроника,
4470,косметика,
4471,другое,
4472,другое,
4473,здоровье,
4474,канцелярия,
4475,еда,
4476,одежда,
4477,другое,
4478,туфли,
4479,товара нет,
4480,другое,
4481,стройматериалы,
4482,косметика,
4483,стройматериалы,
4484,кефир,
4485,канцелярия,
4486,канцелярия,
4487,еда,
4488,еда,
4489,другое,
4490,еда,
4491,лапша,
4492,одежда,
4493,еда,
4494,одежда,
4495,толстовка,
4496,другое,
4497,пластырь,
4498,одежда,
4499,другое,
4500,еда,
4501,еда,
4502,сверло,
4503,наполнитель,
4504,семечки,
4505,еда,
4506,еда,
4507,еда,
4508,косметика,
4509,чипсы,
4510,товара нет,
4511,еда,
4512,другое,
4513,еда,
4514,товара нет,
4515,другое,
4516,порошок,
4517,еда,
4518,еда,
4519,другое,
4520,канцелярия,
4521,косметика,
4522,товара нет,
4523,стройматериалы,
4524,другое,
4525,косметика,
4526,другое,
4527,другое,
4528,косметика,
4529,пакет,
4530,раствор,
4531,здоровье,
4532,другое,
4533,электроника,
4534,другое,
4535,ботинки,
4536,товара нет,
4537,нож,
4538,одежда,
4539,еда,
4540,еда,
4541,одежда,
4542,еда,
4543,одежда,
4544,еда,
4545,еда,
4546,эскимо,
4547,сосиски,
4548,наполнитель,
4549,другое,
4550,товара нет,
4551,другое,
4552,другое,
4553,другое,
4554,другое,
4555,электроника,
4556,еда,
4557,еда,
4558,другое,
4559,другое,
4560,косметика,
4561,сухарики,
4562,одежда,
4563,еда,
4564,каша,
4565,косметика,
4566,товара нет,
4567,одежда,
4568,другое,
4569,туфли,
4570,водка,
4571,товара нет,
4572,приправа,
4573,здоровье,
4574,косметика,
4575,стройматериалы,
4576,косметика,
4577,кружка,
4578,еда,
4579,другое,
4580,джинсы,
4581,еда,
4582,другое,
4583,одежда,
4584,другое,
4585,другое,
4586,еда,
4587,другое,
4588,другое,
4589,другое,
4590,коньяк,
4591,товара нет,
4592,другое,
4593,другое,
4594,другое,
4595,канцелярия,
4596,другое,
4597,лимонад,
4598,еда,
4599,другое,
4600,чипсы,
4601,еда,
4602,товара нет,
4603,одежда,
4604,паста,
4605,еда,
4606,другое,
4607,фильтр,
4608,косметика,
4609,эскимо,
4610,другое,
4611,одежда,
4612,лапша,
4613,еда,
4614,одежда,
4615,другое,
4616,косметика,
4617,стройматериалы,
4618,стройматериалы,
4619,другое,
4620,другое,
4621,другое,
4622,еда,
4623,еда,
4624,другое,
4625,здоровье,
4626,косметика,
4627,раствор,
4628,здоровье,
4629,еда,
4630,водка,
4631,еда,
4632,электроника,
4633,другое,
4634,еда,
4635,еда,
4636,другое,
4637,пижама,
4638,другое,
4639,еда,
4640,косметика,
4641,электроника,
4642,одежда,
4643,другое,
4644,товара нет,
4645,другое,
4646,лимонад,
4647,одежда,
4648,другое,
4649,еда,
4650,стройматериалы,
4651,другое,
4652,другое,
4653,другое,
4654,другое,
4655,еда,
4656,другое,
4657,другое,
4658,товара нет,
4659,одежда,
4660,другое,
4661,канцелярия,
4662,одежда,
4663,другое,
4664,косметика,
4665,электроника,
4666,еда,
4667,ботинки,
4668,одежда,
4669,другое,
4670,другое,
4671,одежда,
4672,одежда,
4673,еда,
4674,соус,
4675,другое,
4676,полуботинки,
4677,спрей,
4678,пакет,
4679,свеча,
4680,другое,
4681,другое,
4682,еда,
4683,фильтр,
4684,канцелярия,
4685,электроника,
4686,еда,
4687,другое,
4688,дом,
4689,одежда,
4690,другое,
4691,одежда,
4692,другое,
4693,рис,
4694,другое,
4695,товара нет,
4696,другое,
4697,мармелад,
4698,еда,
4699,лимонад,
4700,товара нет,
4701,другое,
4702,другое,
4703,одежда,
4704,одежда,
4705,вино,
4706,лента,
4707,еда,
4708,другое,
4709,одежда,
4710,другое,
4711,другое,
4712,другое,
4713,водка,
4714,другое,
4715,канцелярия,
4716,еда,
4717,еда,
4718,другое,
4719,еда,
4720,другое,
4721,другое,
4722,другое,
4723,еда,
4724,другое,
4725,одежда,
4726,еда,
4727,еда,
4728,другое,
4729,одежда,
4730,другое,
4731,другое,
4732,другое,
4733,другое,
4734,другое,
4735,канцелярия,
4736,лимонад,
4737,другое,
4738,товара нет,
4739,еда,
4740,еда,
4741,электроника,
4742,водка,
4743,другое,
4744,другое,
4745,раствор,
4746,ботинки,
4747,еда,
4748,одежда,
4749,еда,
4750,одежда,
4751,другое,
4752,фильтр,
4753,другое,
4754,еда,
4755,вино,
4756,другое,
4757,товара нет,
4758,другое,
4759,одежда,
4760,товара нет,
4761,другое,
4762,еда,
4763,одежда,
4764,еда,
4765,еда,
4766,товара нет,
4767,рис,
4768,канцелярия,
4769,другое,
4770,другое,
4771,другое,
4772,джинсы,
4773,раствор,
4774,фильтр,
4775,товара нет,
4776,мармелад,
4777,косметика,
4778,одежда,
4779,еда,
4780,канцелярия,
4781,пюре,
4782,другое,
4783,комбинезон,
4784,пижама,
4785,другое,
4786,другое,
4787,другое,
4788,косметика,
4789,другое,
4790,косметика,
4791,косметика,
4792,еда,
4793,фильтр,
4794,еда,
4795,косметика,
4796,товара нет,
4797,еда,
4798,одежда,
4799,другое,
4800,раствор,
4801,другое,
4802,канцелярия,
4803,другое,
4804,еда,
4805,сметана,
4806,раствор,
4807,еда,
4808,еда,
4809,еда,
4810,товара нет,
4811,другое,
4812,другое,
4813,канцелярия,
4814,товара нет,
4815,другое,
4816,еда,
4817,другое,
4818,еда,
4819,еда,
4820,другое,
4821,стройматериалы,
4822,другое,
4823,другое,
4824,одежда,
4825,сухарики,
4826,товара нет,
4827,туфли,
4828,одежда,
4829,одежда,
4830,товара нет,
4831,другое,
4832,еда,
4833,канцелярия,
4834,другое,
4835,еда,
4836,еда,
4837,еда,
4838,еда,
4839,стройматериалы,
4840,сметана,
4841,еда,
4842,еда,
4843,стройматериалы,
4844,вино,
4845,кетчуп,
4846,товара нет,
4847,другое,
4848,другое,
4849,другое,
4850,канцелярия,
4851,спрей,
4852,перчатки,
4853,одежда,
4854,другое,
4855,другое,
4856,косметика,
4857,еда,
4858,другое,
4859,одежда,
4860,сверло,
4861,джинсы,
4862,пакет,
4863,одежда,
4864,одежда,
4865,другое,
4866,еда,
4867,водка,
4868,еда,
4869,косметика,
4870,здоровье,
4871,еда,
4872,еда,
4873,еда,
4874,другое,
4875,другое,
4876,еда,
4877,косметика,
4878,стройматериалы,
4879,другое,
4880,табак,
4881,другое,
4882,табак,
4883,еда,
4884,еда,
4885,другое,
4886,еда,
4887,товара нет,
4888,другое,
4889,другое,
4890,свеча,
4891,другое,
4892,другое,
4893,кеды,
4894,другое,
4895,другое,
4896,здоровье,
4897,стройматериалы,
4898,косметика,
4899,сумка,
4900,другое,
4901,еда,
4902,другое,
4903,семечки,
4904,паштет,
4905,ботинки,
4906,другое,
4907,фильтр,
4908,еда,
4909,сельдь,
4910,одежда,
4911,еда,
4912,фильтр,
4913,еда,
4914,еда,
4915,товара нет,
4916,косметика,
4917,электроника,
4918,еда,
4919,карамель,
4920,другое,
4921,пирожное,
4922,сапоги,
4923,другое,
4924,другое,
4925,одежда,
4926,одежда,
4927,еда,
4928,еда,
4929,каша,
4930,бюстгальтер,
4931,другое,
4932,другое,
4933,другое,
4934,другое,
4935,еда,
4936,пакеты,
4937,одежда,
4938,лимонад,
4939,здоровье,
4940,другое,
4941,другое,
4942,торт,
4943,водка,
4944,другое,
4945,еда,
4946,другое,
4947,майонез,
4948,товара нет,
4949,канцелярия,
4950,колготки,
4951,другое,
4952,капсулы,
4953,фильтр,
4954,товара нет,
4955,другое,
4956,рис,
4957,одежда,
4958,еда,
4959,клей,
4960,раствор,
4961,творог,
4962,другое,
4963,товара нет,
4964,косметика,
4965,другое,
4966,другое,
4967,товара нет,
4968,еда,
4969,другое,
4970,шапка,
4971,раствор,
4972,канцелярия,
4973,канцелярия,
4974,товара нет,
4975,здоровье,
4976,товара нет,
4977,еда,
4978,еда,
4979,другое,
4980,товара нет,
4981,еда,
4982,одежда,
4983,еда,
4984,другое,
4985,дом,
4986,канцелярия,
4987,спрей,
4988,косметика,
4989,другое,
4990,одежда,
4991,рис,
4992,сметана,
4993,другое,
4994,электроника,
4995,другое,
4996,еда,
4997,другое,
4998,еда,
4999,другое,
